magna sed dui. Fusce aliquam,|10|54|71|3.87
Nulla eu neque pellentesque massa|12|23|97|7.19
ac facilisis facilisis, magna|12|59|76|0.67
habitant|19|57|47|8.90
nulla. Integer urna.|19|19|37|2.35
ullamcorper magna. Sed eu eros.|17|13|64|8.63
tincidunt|12|52|66|3.73
Nullam velit dui, semper et,|7|55|83|0.12
nunc, ullamcorper eu, euismod ac,|8|13|78|4.78
porttitor scelerisque neque. Nullam|7|26|62|5.37
tempor augue ac ipsum. Phasellus|19|58|47|7.04
consectetuer rhoncus. Nullam|9|26|55|5.65
consequat auctor, nunc|20|54|89|0.48
eu eros. Nam consequat|17|47|77|4.58
eu, placerat|8|51|79|8.53
diam. Duis mi enim, condimentum|8|27|58|8.90
vulputate, posuere|20|57|63|0.11
lorem ut aliquam|10|42|51|9.90
enim.|10|56|65|6.79
lorem|16|48|94|8.29
sit amet orci. Ut|10|33|96|8.23
sagittis placerat. Cras|17|32|78|5.64
vel, convallis in,|20|55|52|5.44
consequat|11|47|66|5.89
vel, vulputate eu, odio. Phasellus|10|22|88|5.15
nunc|17|9|51|2.23
dapibus rutrum, justo. Praesent luctus.|12|27|90|1.78
nisi. Cum|7|11|100|0.02
rutrum|18|20|41|4.70
ultrices posuere cubilia Curae;|10|4|90|6.67
eu turpis.|9|56|58|9.97
amet,|14|9|76|7.71
ut lacus. Nulla tincidunt,|8|10|42|0.32
Aliquam ultrices iaculis odio.|9|53|47|9.88
dui.|18|23|38|3.22
id,|13|49|34|8.64
eget mollis lectus pede|10|47|35|8.41
a feugiat|17|45|64|7.85
Curabitur massa. Vestibulum accumsan|10|28|64|0.03
Suspendisse sed|20|30|85|6.07
ipsum leo elementum sem,|16|16|80|8.83
magnis|6|7|45|6.24
sociis natoque penatibus et|16|18|62|1.20
arcu imperdiet ullamcorper.|18|2|70|1.24
nunc|12|44|52|1.65
amet|19|5|37|3.39
nulla ante, iaculis nec, eleifend|14|34|71|6.14
egestas blandit. Nam nulla|19|42|52|3.73
tempus|20|2|30|1.35
dolor. Donec fringilla. Donec feugiat|10|0|77|5.40
vestibulum massa rutrum magna. Cras|20|23|37|9.86
libero|18|59|93|8.54
semper et, lacinia vitae,|7|49|40|1.19
libero at auctor ullamcorper, nisl|11|47|63|1.02
arcu. Curabitur|8|43|78|1.95
sapien, gravida non,|12|40|92|4.15
ultrices|15|16|43|5.96
convallis|6|48|54|4.23
enim, condimentum eget, volutpat ornare,|8|28|32|4.55
senectus et netus et malesuada|15|39|84|1.58
et, rutrum non,|12|51|48|2.69
condimentum.|10|8|39|3.93
pede, nonummy ut, molestie in,|11|7|87|1.57
Cras|11|46|42|2.46
augue.|8|36|84|5.67
lectus, a sollicitudin orci sem|13|19|31|0.24
ac mattis|11|58|56|5.37
Sed|12|45|54|4.89
mauris, aliquam eu, accumsan|17|31|34|8.89
Nullam|16|43|78|5.80
mi|11|40|52|8.20
faucibus orci luctus|13|43|91|7.30
ut mi. Duis|15|28|86|8.08
facilisi. Sed neque. Sed eget|7|50|33|0.80
tellus eu augue|8|25|86|0.42
orci lobortis|16|36|96|3.78
vel arcu. Curabitur ut odio|15|20|47|0.49
sed|8|54|95|5.12
Nam porttitor scelerisque|8|3|81|4.61
ante dictum mi,|13|32|41|3.19
a neque.|6|18|37|4.19
eu sem. Pellentesque|15|3|72|7.29
amet ultricies|18|54|54|9.59
massa|7|50|88|3.08
dictum|7|1|87|7.12
vel|12|15|36|9.33
et magnis|12|3|45|1.38
leo. Morbi neque|6|44|43|8.83
urna.|20|9|90|6.35
malesuada augue ut lacus.|9|33|40|6.97
Phasellus|15|31|49|3.07
urna. Nullam lobortis quam a|9|53|38|4.49
egestas.|11|54|76|4.06
convallis, ante lectus convallis est,|18|45|66|5.40
neque. Morbi quis|10|12|77|3.80
eleifend non,|12|50|35|5.46
nisl. Nulla eu neque|6|53|32|8.54
semper, dui|9|9|96|6.72
tellus lorem eu|20|27|87|1.63
euismod|19|47|91|5.21
nunc sit amet|18|16|50|1.04
Etiam imperdiet dictum|11|3|30|1.34
feugiat non, lobortis quis, pede.|9|11|75|0.21
dictum. Proin|14|59|77|4.04
posuere vulputate,|18|11|62|5.01
ultricies|9|41|86|9.72
sagittis placerat. Cras|15|48|55|2.08
In|13|27|34|1.01
eu sem. Pellentesque ut ipsum|9|5|30|6.83
magna et|16|27|52|8.86
non lorem vitae odio sagittis|15|22|36|1.06
Etiam|14|44|94|1.20
tincidunt, neque vitae|7|46|73|2.49
mattis velit justo nec ante.|7|58|44|1.50
vitae nibh.|15|12|43|8.06
iaculis odio. Nam interdum enim|10|57|85|9.26
nibh. Donec est|12|56|99|4.80
porttitor vulputate, posuere vulputate, lacus.|9|44|62|6.32
mauris sit amet|9|55|52|5.41
aliquam iaculis,|8|27|77|5.65
ante dictum cursus.|19|13|98|2.74
Vestibulum|20|8|58|7.86
quis, tristique ac, eleifend vitae,|18|3|36|9.93
Etiam laoreet,|9|44|68|5.41
aliquam eu, accumsan|20|29|35|7.19
eu odio|11|24|60|5.10
nunc, ullamcorper eu, euismod ac,|16|55|48|6.91
interdum. Nunc sollicitudin commodo ipsum.|17|11|83|1.87
fringilla purus mauris a|18|7|54|3.72
erat. Vivamus|6|23|44|6.54
lorem lorem, luctus|20|55|63|1.69
quis diam. Pellentesque|13|47|54|8.33
dolor|9|20|48|2.61
nonummy ipsum non|14|23|62|1.04
eu tellus. Phasellus elit pede,|19|41|46|1.91
feugiat non, lobortis quis,|8|26|59|1.34
nulla. Integer urna. Vivamus|17|5|48|5.32
sem,|7|59|77|4.46
non, egestas|8|5|81|9.57
Nunc commodo auctor|12|54|47|4.39
sem, vitae aliquam eros turpis|7|39|32|4.01
id enim.|7|11|32|9.80
bibendum fermentum metus. Aenean|6|17|85|7.54
non enim.|18|33|43|7.53
Aenean egestas hendrerit neque. In|12|38|35|8.28
urna et arcu|16|34|38|3.04
vulputate,|7|17|87|8.82
dignissim magna a|8|58|63|0.61
dignissim magna a tortor. Nunc|20|20|82|8.45
et ipsum cursus vestibulum.|10|49|88|3.02
Donec nibh. Quisque nonummy ipsum|16|52|82|3.74
Phasellus in felis.|12|15|64|5.49
lacus.|19|9|50|0.72
mauris ut mi. Duis risus|14|54|37|4.41
sapien imperdiet ornare. In|12|12|96|5.79
Cras|15|48|75|9.24
mi fringilla mi lacinia|9|33|58|1.77
Vestibulum accumsan neque et|14|56|91|9.70
magna a|20|21|82|5.66
lacus, varius|12|26|88|7.90
Phasellus|18|25|76|3.12
ante lectus convallis est,|20|47|91|9.80
ut, pellentesque|20|45|39|8.88
fermentum metus. Aenean sed pede|18|19|42|8.56
velit|11|46|98|9.71
pede et risus. Quisque|6|28|57|6.82
augue id ante dictum cursus.|9|57|86|2.18
est. Nunc|8|34|54|0.47
dolor sit amet, consectetuer|12|17|57|1.14
penatibus et|6|46|69|7.21
eu odio tristique|14|58|43|7.91
Phasellus|11|25|43|9.31
pede ac urna. Ut|7|27|59|5.65
parturient montes, nascetur ridiculus mus.|11|8|93|6.70
blandit at, nisi. Cum sociis|6|26|60|4.25
et, rutrum non, hendrerit|13|49|36|5.01
massa lobortis ultrices. Vivamus rhoncus.|8|48|71|5.12
auctor odio a|8|14|94|3.39
sem.|12|5|40|2.18
Vestibulum ut|15|11|35|8.34
eu odio|17|23|43|1.63
eu lacus.|17|51|67|1.78
Proin|11|34|91|0.99
Fusce mi|17|15|47|2.04
eleifend, nunc risus varius|17|58|64|3.41
orci lobortis|13|52|74|8.69
lacinia vitae, sodales at,|12|3|84|9.26
metus. In nec|6|2|70|4.00
Aliquam|18|44|73|1.50
sapien, gravida non, sollicitudin|7|26|42|4.82
luctus, ipsum leo elementum|10|27|34|7.07
Suspendisse commodo tincidunt|10|4|35|6.50
scelerisque,|18|3|45|1.59
fringilla, porttitor vulputate, posuere|19|44|77|2.36
est arcu ac orci. Ut|11|2|79|7.72
Sed eget|10|2|81|5.78
amet luctus vulputate, nisi sem|16|33|34|7.74
Nunc lectus pede, ultrices|10|25|83|4.48
natoque penatibus|8|44|79|0.58
nisi magna sed dui.|7|15|93|2.91
nibh. Phasellus nulla. Integer|13|34|79|4.33
mauris blandit mattis. Cras eget|6|1|91|3.48
et malesuada|9|23|86|8.06
vitae|8|46|74|5.29
tellus non magna.|8|29|68|3.24
tellus|15|45|61|3.05
nonummy ipsum|17|8|39|9.08
ac risus. Morbi|13|20|54|2.61
lacus. Aliquam rutrum|18|38|35|3.54
fringilla cursus purus.|19|14|82|2.01
erat, eget|15|14|54|5.08
pellentesque. Sed|12|0|75|3.35
magnis dis parturient montes, nascetur|15|44|31|8.00
sapien.|14|55|50|2.14
non,|13|38|86|5.12
non lorem vitae odio sagittis|14|20|94|0.14
mattis|6|12|42|8.94
senectus et netus|14|48|71|4.10
diam dictum sapien. Aenean|6|11|46|3.27
Morbi non sapien molestie|11|53|42|1.00
eget|16|59|81|4.96
ut odio vel est tempor|16|14|92|4.43
Lorem ipsum dolor sit amet,|6|58|31|1.84
arcu et pede. Nunc sed|7|2|81|6.47
amet nulla.|16|20|52|4.42
cubilia Curae;|20|52|35|5.73
arcu|7|30|54|7.56
velit. Aliquam nisl.|14|25|63|9.78
arcu. Vestibulum ante ipsum|14|18|36|8.74
risus. Nulla eget metus eu|9|00|61|9.93
gravida. Praesent|9|28|99|1.69
nisi|7|6|79|3.62
aliquet|16|28|63|1.90
at risus.|6|2|92|8.08
non, vestibulum nec, euismod|14|45|67|3.35
Ut tincidunt vehicula risus. Nulla|19|54|36|0.89
In lorem. Donec elementum,|14|16|38|5.29
Sed molestie. Sed id risus|16|47|89|2.14
Nam consequat|17|59|97|1.30
vulputate, nisi sem|20|22|56|2.18
Sed molestie.|20|52|98|7.52
neque sed dictum eleifend,|6|15|92|1.08
vel est tempor bibendum.|19|43|46|2.79
eu, placerat eget, venenatis a,|8|10|53|5.00
aliquet|16|44|33|5.44
nisl arcu iaculis enim, sit|7|33|59|0.87
Duis cursus,|11|26|100|8.81
dictum mi,|10|40|58|0.39
enim. Mauris|19|36|75|9.39
lorem, auctor|20|32|39|4.84
dictum. Phasellus in felis. Nulla|13|50|59|2.86
sapien.|7|0|57|0.97
Suspendisse aliquet molestie tellus.|18|26|40|6.44
a mi fringilla mi|19|5|63|9.80
lectus|17|10|34|0.07
at|12|44|68|6.73
aliquet.|7|6|86|9.60
pellentesque, tellus sem mollis dui,|11|3|86|8.61
ac urna. Ut|13|38|32|9.92
ac risus. Morbi metus.|16|49|75|8.79
egestas. Sed pharetra,|9|30|79|2.50
nisl. Maecenas malesuada fringilla est.|14|5|65|6.06
Phasellus libero mauris, aliquam eu,|8|11|36|8.72
felis.|7|15|45|9.30
sollicitudin adipiscing ligula. Aenean|7|38|60|0.04
sociis natoque penatibus|15|22|75|0.06
nec|18|21|65|9.90
dictum eleifend, nunc risus varius|9|1|77|8.64
Quisque libero|17|11|85|7.46
nonummy ac,|8|9|89|7.00
lectus|6|58|48|1.97
et ipsum|7|39|38|8.88
blandit enim|7|27|80|5.68
luctus et ultrices posuere|17|10|61|3.56
tincidunt tempus risus.|19|54|59|0.11
massa. Suspendisse eleifend.|17|43|55|2.21
lectus ante|8|9|92|5.80
ullamcorper eu, euismod ac,|16|38|67|4.91
mi fringilla mi lacinia|8|1|69|6.50
Ut tincidunt|13|3|83|5.53
adipiscing elit. Aliquam auctor,|14|11|52|9.29
Donec|18|59|58|3.60
vel sapien imperdiet ornare. In|20|2|68|9.31
arcu ac orci. Ut|6|14|31|1.74
Pellentesque ultricies|16|51|99|6.02
accumsan neque et nunc. Quisque|15|49|89|1.56
sagittis. Nullam|12|49|80|2.21
egestas|7|7|52|7.33
id|19|44|64|1.39
Donec|7|19|35|8.11
nec, eleifend non,|12|19|94|7.48
eu nibh vulputate mauris|10|12|50|8.86
erat|18|36|47|6.37
pharetra. Nam ac nulla.|6|31|70|7.33
sed leo. Cras vehicula aliquet|7|2|45|9.74
amet massa. Quisque porttitor|13|17|79|8.86
eget, volutpat ornare, facilisis|14|29|77|4.39
consectetuer|20|56|41|9.41
arcu|15|6|34|5.69
lectus|18|10|67|2.85
ut quam vel sapien imperdiet|6|55|59|6.57
a mi fringilla mi|9|15|68|6.23
cursus a, enim. Suspendisse|10|41|51|6.08
Ut|18|54|99|2.15
et magnis dis parturient montes,|16|57|77|7.55
lacinia mattis. Integer eu|14|29|74|7.95
tellus. Nunc lectus pede, ultrices|13|29|85|9.79
lectus|17|29|65|8.60
a|20|17|100|2.62
tristique pharetra. Quisque|15|18|35|1.76
lectus|19|20|100|3.56
vel sapien imperdiet ornare. In|18|19|49|5.84
erat. Vivamus nisi. Mauris nulla.|20|14|55|4.26
ante|17|7|50|3.27
In ornare sagittis felis.|11|6|45|5.02
nisl.|14|41|49|0.41
rhoncus id, mollis nec, cursus|18|42|71|1.21
Aliquam nisl. Nulla|9|14|36|3.39
augue|6|19|91|8.49
lobortis mauris.|19|37|93|1.26
cursus|15|9|63|8.38
et,|11|27|78|3.11
nascetur ridiculus mus. Proin|9|10|63|9.37
turpis. Aliquam adipiscing lobortis risus.|11|29|90|4.11
amet ante. Vivamus non|12|28|52|3.09
ligula.|11|41|94|3.39
Cras dictum|18|12|33|4.69
odio. Nam|20|49|72|1.90
ultrices iaculis odio.|15|50|72|4.52
nec ante|12|44|39|8.56
eu elit. Nulla facilisi. Sed|13|20|61|4.51
Aliquam ornare, libero at|19|57|82|0.53
Donec tempor,|20|31|37|4.37
arcu imperdiet ullamcorper. Duis at|15|43|74|4.70
turpis non|17|26|77|3.12
ipsum|14|12|32|6.09
vitae mauris|18|45|96|0.72
sit|13|48|32|0.69
lectus convallis|11|22|41|8.26
orci sem eget|14|32|62|0.63
ac mattis semper,|20|20|65|6.72
amet lorem semper|18|44|49|3.08
cubilia|7|39|48|5.97
tellus. Nunc lectus pede,|12|4|77|2.35
magna. Praesent|19|27|61|1.35
amet, consectetuer|15|24|33|5.15
neque venenatis lacus. Etiam bibendum|8|36|37|5.46
mi lorem, vehicula et,|12|29|30|1.29
tortor, dictum eu, placerat eget,|14|25|76|1.25
hendrerit|10|11|93|9.01
vulputate|14|40|46|7.20
a felis ullamcorper|7|14|74|3.23
eget, volutpat ornare, facilisis|11|57|42|6.29
ultricies adipiscing, enim mi|6|59|34|0.66
arcu et pede. Nunc sed|16|5|47|9.23
Nullam lobortis quam a felis|20|4|89|9.25
nec|9|59|79|4.44
dignissim magna a tortor.|13|57|65|0.23
magna. Sed eu|17|20|99|1.94
egestas a, scelerisque|14|23|74|8.16
lorem,|18|26|74|0.55
enim nec tempus|9|0|94|5.96
montes,|6|25|75|2.84
magna. Duis dignissim|7|59|43|4.48
malesuada id, erat. Etiam|18|43|70|9.10
porttitor interdum. Sed|13|31|81|2.34
nunc sed pede. Cum|9|27|60|1.85
scelerisque,|10|59|65|8.34
elementum, dui|16|6|95|4.34
id risus quis|14|19|76|3.77
et, rutrum eu, ultrices|16|52|82|6.07
et malesuada fames|11|11|33|1.61
eget, dictum placerat, augue. Sed|10|37|64|6.54
mi enim, condimentum eget, volutpat|11|15|40|2.24
malesuada|20|38|81|8.77
et netus et|7|23|86|0.95
tortor at|20|17|72|4.87
nostra, per inceptos hymenaeos. Mauris|10|26|46|8.95
Quisque libero lacus,|10|21|56|7.54
urna|9|28|99|8.99
pharetra. Nam ac nulla.|13|27|59|0.04
magna. Nam ligula elit, pretium|18|19|99|6.26
mauris elit, dictum|20|24|31|0.47
Proin dolor. Nulla semper|10|27|30|9.62
Mauris ut quam vel sapien|10|38|69|3.24
volutpat. Nulla facilisis.|10|3|72|3.82
ornare. Fusce|19|10|84|9.44
vulputate, risus a ultricies adipiscing,|20|52|41|7.53
laoreet posuere,|16|55|63|1.27
Nullam|8|21|40|8.85
nec, mollis|16|31|69|5.98
vitae semper egestas, urna justo|20|38|37|1.69
Aenean|10|22|32|0.08
aliquet.|20|15|47|8.97
pede, nonummy ut, molestie in,|17|44|47|2.39
fringilla cursus purus.|11|29|93|2.43
imperdiet, erat nonummy|7|11|96|4.58
eu, ultrices|18|50|36|7.27
quam a felis ullamcorper viverra.|8|10|40|0.79
vehicula.|13|27|73|6.34
in, dolor. Fusce feugiat. Lorem|15|46|77|1.05
tincidunt aliquam arcu. Aliquam|20|10|69|5.78
ante|8|53|30|0.17
eros|8|1|66|5.89
Morbi metus. Vivamus euismod|9|50|59|1.91
blandit mattis. Cras eget|18|47|68|1.20
odio|11|38|50|7.18
Nunc pulvinar arcu|13|3|83|6.10
tempor|19|17|66|7.14
dolor quam, elementum|11|32|45|9.83
egestas. Duis|14|43|97|4.10
eu, eleifend nec, malesuada ut,|12|7|40|5.93
odio. Etiam ligula|16|32|74|6.58
pellentesque,|18|16|51|2.61
sociis natoque penatibus et magnis|17|16|46|2.62
tempus risus. Donec egestas. Duis|10|16|77|5.94
elit, pellentesque a,|18|8|71|0.15
aliquet|17|11|65|8.58
Mauris non dui nec urna|9|59|56|7.13
Aliquam nec|6|22|82|2.86
elit. Curabitur sed|13|24|71|1.12
velit in aliquet lobortis,|13|58|33|1.53
Nunc|11|52|79|7.12
odio sagittis semper.|8|45|70|3.40
vel quam|16|23|96|4.07
et|6|24|79|2.13
mauris erat eget|13|38|33|8.50
per|8|20|88|4.62
molestie|18|22|69|6.10
Maecenas malesuada|12|13|80|2.56
Duis volutpat nunc sit amet|17|11|76|5.24
vestibulum|6|8|72|0.66
sit amet ornare lectus justo|11|24|54|7.70
pharetra nibh. Aliquam ornare,|9|41|82|5.50
erat, eget|17|36|53|5.99
auctor odio|7|44|80|7.35
et|6|40|42|8.82
vitae purus|13|15|98|0.49
blandit viverra. Donec tempus,|11|31|52|6.69
lorem, sit|17|0|41|1.34
eu arcu. Morbi sit amet|11|8|100|4.13
ut aliquam iaculis, lacus pede|11|41|41|6.54
et magnis dis|19|55|76|0.02
Duis|11|49|89|8.41
gravida|19|27|74|0.01
tempor lorem,|16|44|69|2.80
Cras vehicula aliquet libero.|20|9|78|8.61
lacus. Quisque purus sapien,|6|44|85|3.29
lobortis|8|24|56|5.79
placerat, augue. Sed molestie. Sed|8|8|89|0.39
tempor erat neque|15|21|62|4.28
Donec nibh|9|2|59|8.60
risus, at fringilla purus|18|54|89|0.94
et magnis dis parturient|9|24|60|4.02
dictum eu, placerat eget,|17|34|59|4.09
augue ut|9|56|70|5.88
ornare tortor at risus. Nunc|19|16|90|0.90
cursus in,|16|33|42|6.44
luctus ut, pellentesque|8|43|72|5.01
non, lobortis quis, pede. Suspendisse|19|59|33|1.84
vulputate, posuere|18|37|72|4.20
massa. Quisque porttitor|10|56|73|3.69
pulvinar arcu|7|39|70|6.97
dis|11|31|64|7.06
In scelerisque scelerisque dui. Suspendisse|6|45|34|1.27
et|14|43|93|5.24
velit. Sed malesuada augue|18|14|52|7.74
auctor non, feugiat nec, diam.|10|52|35|6.05
Quisque ornare|20|31|58|9.42
Nunc commodo auctor|12|4|51|2.83
ornare, elit elit fermentum|9|13|73|3.97
Ut|15|33|67|0.89
turpis|11|24|47|0.02
mollis nec, cursus a, enim.|12|0|79|2.06
ullamcorper,|7|20|63|4.35
netus|14|56|32|3.26
porttitor scelerisque neque. Nullam nisl.|13|29|45|2.13
eget laoreet posuere, enim|19|49|86|6.39
pharetra nibh. Aliquam ornare, libero|19|16|35|0.90
nec quam.|11|7|43|9.52
nulla. Cras eu tellus eu|12|22|41|4.97
eu neque pellentesque massa lobortis|11|41|39|0.95
vestibulum lorem, sit amet ultricies|18|30|94|3.39
Praesent eu|18|31|83|6.28
est|10|21|85|1.87
sit amet, consectetuer adipiscing|9|41|66|8.29
odio semper cursus.|17|31|97|1.02
purus gravida sagittis. Duis|10|47|45|2.16
pede, nonummy ut, molestie in,|10|52|87|1.00
non nisi.|18|57|46|7.46
adipiscing non,|14|45|56|3.58
mattis ornare, lectus ante|17|11|39|9.66
parturient|13|7|62|9.51
inceptos hymenaeos. Mauris ut|17|44|63|1.73
Sed auctor odio|8|23|64|1.49
metus. Aliquam erat volutpat. Nulla|17|2|79|7.23
ultrices iaculis|16|31|43|1.57
dignissim.|10|24|40|5.49
vel sapien imperdiet ornare.|7|19|89|3.71
sapien. Cras dolor dolor, tempus|11|9|81|7.94
purus|9|33|41|3.89
amet ornare lectus|18|31|76|3.25
ligula. Aenean euismod mauris|18|7|38|7.59
turpis. Aliquam|12|37|30|2.24
Nam|12|40|88|4.76
ipsum. Suspendisse non|8|50|83|6.94
mollis|11|42|55|8.09
Morbi metus. Vivamus euismod|17|16|73|3.11
eu,|8|15|94|6.84
nunc,|11|26|52|2.91
Aliquam fringilla cursus|13|23|85|6.98
Cum sociis natoque penatibus|6|16|59|5.92
luctus lobortis. Class aptent|18|47|86|5.31
egestas|7|25|45|4.91
nec enim. Nunc ut|10|29|68|8.33
non ante bibendum ullamcorper. Duis|16|13|84|1.78
Quisque libero lacus, varius|12|51|68|9.31
lectus pede et risus.|8|29|89|9.14
parturient|10|36|79|3.04
nunc sit amet|8|54|46|7.59
aptent taciti sociosqu ad|10|24|72|8.39
Nunc mauris.|6|39|92|3.89
Sed nulla ante,|18|9|91|4.47
enim diam vel arcu.|20|30|46|9.10
pretium|20|4|73|2.59
laoreet, libero et tristique|20|25|70|4.71
cubilia Curae;|16|39|55|3.90
Proin|7|40|72|3.94
ipsum porta elit, a feugiat|20|50|49|2.36
nec|13|38|31|8.91
nulla. Integer urna.|12|39|99|1.39
sapien molestie orci|8|40|94|9.74
amet,|18|4|76|7.59
risus. Donec egestas. Duis ac|20|13|48|1.88
arcu. Curabitur ut odio vel|14|16|93|3.25
mollis nec, cursus|6|59|51|2.82
a, magna.|11|6|42|2.64
sagittis augue, eu|19|29|100|3.29
sed leo. Cras vehicula|14|59|81|3.59
mi fringilla|8|9|73|0.50
mauris eu elit. Nulla|18|52|76|0.38
dictum augue malesuada malesuada. Integer|14|8|97|5.62
sociosqu ad|18|30|83|6.38
in|16|35|81|0.30
Nam porttitor|7|9|67|9.42
fringilla purus mauris a|6|58|50|9.80
id magna et|13|59|72|4.04
semper, dui|10|4|55|6.01
pede. Nunc sed orci|7|44|74|4.54
nec urna suscipit nonummy. Fusce|20|37|88|4.02
pellentesque. Sed|19|13|53|9.10
ut, nulla.|19|57|39|3.97
nascetur|7|0|84|7.56
elementum,|9|14|36|1.82
a, aliquet vel,|10|26|95|0.29
Morbi quis urna. Nunc|20|50|56|8.94
Aenean massa. Integer|19|37|82|1.82
adipiscing ligula.|9|41|49|0.63
Nulla semper|13|44|57|7.20
vulputate, lacus. Cras interdum.|15|55|46|6.54
mus. Proin|18|2|75|1.39
nec ante. Maecenas|12|11|65|9.71
purus, accumsan interdum libero|9|42|66|8.48
sollicitudin a, malesuada|16|10|35|5.90
eros|12|4|51|0.73
felis, adipiscing fringilla, porttitor vulputate,|16|26|68|2.99
varius orci, in|13|6|51|8.40
ullamcorper magna. Sed|6|1|79|4.15
libero. Proin mi.|13|28|41|0.03
Aliquam|6|10|41|9.23
Sed|8|0|40|3.52
diam. Proin|6|22|50|0.75
egestas lacinia. Sed congue,|20|20|42|3.58
neque|8|33|73|5.34
nulla magna,|6|59|45|9.05
felis orci,|14|56|80|9.15
at, egestas|11|59|71|4.48
id ante dictum|13|48|63|5.48
risus. Donec nibh|11|45|38|0.81
leo, in|13|29|46|9.89
senectus|20|27|34|3.24
amet, consectetuer|15|44|42|2.40
lectus convallis est,|16|24|72|5.86
malesuada malesuada. Integer id magna|9|1|89|4.71
Quisque|15|48|99|3.97
euismod in, dolor. Fusce|8|25|62|1.85
metus urna convallis|20|22|30|7.17
Etiam ligula|19|13|51|3.03
risus.|17|13|49|6.14
nibh sit amet orci.|18|5|68|0.21
iaculis odio. Nam interdum|7|46|99|6.60
id, blandit at, nisi.|12|43|56|6.91
amet,|13|45|49|7.84
lacus. Quisque imperdiet, erat nonummy|17|57|81|8.79
amet massa. Quisque|9|18|43|9.94
sagittis felis. Donec tempor,|15|59|98|2.22
feugiat|12|21|97|2.74
vulputate|14|39|54|5.58
tortor|6|28|79|7.53
a,|19|4|38|5.75
in faucibus|19|30|79|4.20
porttitor scelerisque|20|31|56|5.07
imperdiet|10|50|45|5.49
scelerisque dui. Suspendisse|16|17|35|4.43
pretium et, rutrum non, hendrerit|10|54|56|5.20
non justo. Proin non massa|8|48|43|8.59
luctus lobortis. Class aptent taciti|11|53|74|3.57
sodales nisi magna sed dui.|19|6|30|5.77
Cum sociis natoque|10|13|44|6.41
egestas|10|19|79|0.30
fringilla mi lacinia mattis. Integer|17|11|45|6.36
purus, in molestie tortor nibh|19|31|69|5.60
dolor. Nulla semper|15|12|89|9.53
eu, placerat|7|18|42|5.33
vitae, erat. Vivamus nisi.|17|23|32|0.70
tortor.|16|57|31|5.06
purus mauris|10|1|31|8.76
sem. Nulla|6|35|83|6.03
mus. Proin vel arcu eu|16|4|42|6.27
enim. Sed nulla ante,|8|12|38|0.35
Morbi|11|19|70|3.98
Nunc lectus|10|18|52|6.74
nulla at sem|11|14|56|7.57
adipiscing fringilla, porttitor vulputate,|15|55|39|7.31
Mauris blandit enim consequat purus.|11|42|99|3.98
dui. Fusce diam nunc,|9|52|89|0.16
felis ullamcorper viverra. Maecenas|20|22|63|3.57
eu, eleifend nec, malesuada ut,|11|39|50|7.53
Duis volutpat nunc sit|6|56|46|8.29
pede. Cum sociis natoque penatibus|13|9|100|6.86
dui, in sodales elit erat|17|16|90|6.11
tempus eu, ligula. Aenean|16|8|79|4.97
dictum sapien.|16|32|49|7.99
non, lacinia at, iaculis|10|21|88|3.85
lacus pede sagittis augue,|6|40|37|4.30
erat, in consectetuer ipsum|11|1|51|2.77
tincidunt orci|14|35|94|8.79
Curabitur massa. Vestibulum accumsan neque|6|19|58|0.15
tellus faucibus leo,|16|55|75|5.89
eget,|11|44|84|5.23
arcu. Vivamus|12|5|39|3.16
Ut nec urna et|13|12|69|0.11
in aliquet|15|59|63|3.88
malesuada ut, sem.|7|37|77|4.94
Vivamus euismod|7|10|72|6.61
mauris sapien, cursus|6|30|44|0.69
in faucibus orci luctus|6|10|73|5.42
per inceptos hymenaeos. Mauris|8|40|79|2.21
commodo at, libero.|16|29|64|9.68
metus. Aenean sed|13|22|32|1.45
ipsum ac mi|15|4|59|9.62
fringilla mi lacinia mattis. Integer|6|16|99|3.78
nunc. In at pede. Cras|15|38|56|7.08
Nullam enim. Sed nulla ante,|18|31|43|0.46
Integer aliquam adipiscing lacus.|15|36|46|5.77
lorem,|7|38|62|3.57
Nullam feugiat placerat|19|11|97|7.61
ac, fermentum vel, mauris. Integer|20|25|31|3.22
fermentum arcu.|6|12|56|6.10
id nunc interdum feugiat.|13|1|69|4.58
interdum feugiat.|20|26|62|5.90
adipiscing elit. Etiam laoreet,|9|17|88|5.24
Nunc quis arcu vel quam|12|39|35|0.89
eu sem.|14|10|70|8.79
sit amet massa. Quisque porttitor|14|31|59|7.94
felis. Nulla tempor augue|20|33|34|4.80
in faucibus orci luctus|6|33|30|8.10
eget magna.|12|45|67|9.74
Nulla interdum. Curabitur dictum.|14|48|53|5.54
tortor. Integer aliquam|13|33|33|5.42
Curabitur consequat, lectus sit amet|10|15|97|5.56
sociis natoque penatibus et|7|22|62|3.71
sed, est. Nunc laoreet|9|22|30|1.88
aliquam, enim nec tempus scelerisque,|13|9|73|3.13
egestas nunc sed|7|54|85|1.73
lacus. Cras interdum. Nunc|13|10|60|5.50
vel arcu. Curabitur|19|40|85|4.55
consectetuer adipiscing elit.|16|52|42|7.95
penatibus et magnis dis|18|49|60|2.75
neque pellentesque massa lobortis ultrices.|17|12|95|8.85
ullamcorper. Duis at|10|1|96|5.61
Donec nibh|16|55|32|0.62
Integer|20|28|90|9.09
lectus|18|16|46|6.93
ornare tortor at risus. Nunc|9|59|60|7.03
arcu. Vestibulum ante ipsum primis|13|49|64|1.11
per|14|59|44|9.54
urna|10|51|83|1.59
in|14|48|48|5.21
nascetur ridiculus|18|37|73|8.58
libero|14|5|34|8.69
at pretium aliquet, metus urna|7|36|76|8.60
egestas ligula. Nullam feugiat|9|26|84|5.60
ante ipsum primis in faucibus|17|32|59|1.26
lorem, auctor quis,|11|13|91|0.09
Curae; Phasellus|12|32|74|0.11
orci sem eget massa.|13|22|41|2.17
morbi tristique senectus et|9|56|68|7.33
Fusce fermentum fermentum arcu. Vestibulum|12|53|72|4.20
commodo tincidunt|14|42|46|9.80
vitae erat vel|9|34|55|2.24
vel pede blandit congue.|19|10|71|1.06
Donec consectetuer mauris id sapien.|7|1|80|3.72
ac mattis ornare,|16|19|83|8.17
neque. Nullam ut nisi|14|37|76|3.98
tortor. Nunc commodo auctor|6|49|86|2.45
eget metus. In|10|54|59|2.42
Nulla facilisi. Sed neque. Sed|9|52|64|7.23
a|19|13|46|1.01
dapibus gravida. Aliquam tincidunt, nunc|11|36|62|9.30
quis|6|35|71|0.00
dui augue|13|58|31|8.92
augue, eu|13|15|88|4.91
sagittis placerat. Cras dictum ultricies|15|10|34|9.89
pharetra sed, hendrerit a, arcu.|16|51|96|4.39
ut odio|17|5|92|8.86
a tortor. Nunc commodo|13|16|67|1.29
molestie tellus.|20|7|88|7.07
erat volutpat. Nulla facilisis.|17|38|78|1.06
neque tellus, imperdiet non, vestibulum|13|5|38|6.68
ut,|8|57|91|2.64
tincidunt adipiscing. Mauris molestie pharetra|13|36|32|6.10
lobortis augue|6|0|43|0.23
pellentesque.|6|54|55|1.04
gravida|7|53|52|7.76
interdum feugiat.|13|39|59|2.58
at, velit. Pellentesque ultricies dignissim|6|5|76|1.17
diam. Duis|8|15|33|8.47
lacus. Aliquam rutrum lorem ac|8|14|33|0.63
eleifend egestas. Sed pharetra,|8|49|68|6.31
odio. Etiam ligula tortor,|12|17|71|6.85
arcu. Vivamus|19|52|87|0.38
a purus. Duis elementum,|16|15|83|1.36
vitae odio sagittis semper.|19|38|52|7.94
mauris. Morbi non sapien molestie|9|28|42|2.19
vel,|14|18|62|7.93
sed sem egestas blandit. Nam|6|28|75|7.77
Cras convallis|19|52|100|7.22
bibendum fermentum metus.|16|29|50|4.29
tempor, est ac mattis|12|1|77|5.07
Suspendisse tristique neque venenatis lacus.|17|39|85|7.79
tellus. Nunc lectus|17|10|58|1.74
lorem lorem,|15|4|39|7.52
in faucibus orci luctus et|8|16|49|5.85
nunc.|19|46|53|9.72
elementum, lorem ut|17|31|99|7.85
id risus quis diam luctus|7|41|62|3.27
enim nec tempus scelerisque,|8|7|43|2.67
congue, elit sed consequat|15|31|85|5.70
ut eros|14|58|83|6.67
semper pretium neque. Morbi|20|36|41|0.94
ut mi. Duis risus|20|10|95|9.88
ac turpis egestas. Aliquam fringilla|8|1|97|4.06
nunc ac mattis|8|14|98|1.98
odio. Phasellus at|10|42|50|8.56
vitae sodales nisi|8|43|99|0.25
rutrum, justo. Praesent|10|54|79|8.06
lacus pede|9|11|100|0.69
Pellentesque habitant|11|35|58|0.12
Nunc quis|11|3|46|3.16
vitae aliquam eros turpis|14|19|75|5.89
cursus a, enim.|10|10|56|7.97
aliquet nec, imperdiet nec,|9|24|33|6.59
leo. Vivamus nibh dolor,|6|55|100|2.39
eget magna. Suspendisse tristique neque|16|36|37|3.31
aliquam eros turpis|19|10|46|2.18
Vivamus sit amet risus. Donec|16|43|64|8.09
Donec egestas.|9|11|76|5.13
mattis velit|15|54|41|0.42
mi tempor lorem, eget|7|12|81|6.73
facilisis eget, ipsum. Donec sollicitudin|13|39|64|4.60
natoque penatibus et magnis|13|5|98|3.64
tristique neque|15|38|80|2.49
rutrum,|13|0|51|4.95
non, lacinia at,|19|48|62|9.73
enim nisl elementum purus,|6|38|61|0.21
non, lobortis quis, pede.|7|16|61|9.45
erat vel pede|16|16|48|1.57
Aliquam gravida mauris|17|16|44|0.04
Cum sociis natoque penatibus|15|0|31|1.82
ridiculus mus.|6|34|79|9.57
gravida molestie arcu. Sed|19|23|69|5.25
mauris erat eget|20|18|63|9.31
ipsum primis in|14|27|75|2.01
mauris. Morbi|10|41|43|7.30
nec, eleifend|11|18|54|1.06
mi lorem,|20|54|51|0.74
nec, eleifend|13|55|60|1.13
Cras eu|19|31|66|6.69
sagittis felis. Donec tempor, est|14|41|41|8.89
mauris erat eget ipsum. Suspendisse|20|12|36|3.94
elementum at, egestas a,|10|2|36|4.28
auctor,|18|33|95|0.49
dolor|16|38|87|4.91
tellus. Aenean|7|53|87|4.31
at, egestas|18|45|61|1.59
enim.|14|41|72|7.73
ante, iaculis nec,|19|9|70|4.17
urna. Vivamus|6|32|61|6.70
neque sed sem|15|4|68|1.12
aliquet. Proin velit. Sed malesuada|12|3|33|1.30
a, arcu. Sed et|14|11|84|8.55
sociis|11|27|37|6.98
ultrices sit amet, risus. Donec|14|48|75|0.57
tempus risus. Donec egestas.|15|47|81|5.59
Donec dignissim|10|37|45|6.80
Nam|10|37|85|8.28
lectus convallis|19|43|81|5.70
malesuada|15|40|84|5.54
Nam nulla|19|5|55|4.15
aliquet|6|44|47|1.88
luctus felis|14|23|34|6.06
massa. Quisque|7|32|67|6.65
amet|7|23|64|9.01
blandit enim|9|21|42|1.49
rutrum. Fusce dolor quam,|13|4|51|5.19
luctus lobortis. Class aptent taciti|16|25|93|8.89
taciti sociosqu ad litora torquent|17|40|71|6.92
at lacus. Quisque purus sapien,|19|33|51|8.84
tortor at|15|22|73|0.32
vitae aliquam eros|12|40|75|1.87
tempus|8|26|48|1.29
magna,|18|11|80|5.43
mollis. Phasellus|15|37|43|7.94
tellus. Suspendisse sed|20|17|48|8.16
elementum, lorem ut aliquam|8|22|80|2.96
placerat eget, venenatis a, magna.|8|30|33|5.72
vulputate ullamcorper magna. Sed|9|33|100|6.51
eros non enim commodo hendrerit.|9|27|30|0.02
sodales at,|10|15|71|4.56
est. Mauris eu turpis.|20|52|44|5.22
lorem vitae odio sagittis|15|57|75|5.25
enim non nisi. Aenean eget|12|38|98|7.35
Integer tincidunt|10|48|92|7.00
arcu. Nunc|13|0|67|0.25
Maecenas ornare egestas ligula.|16|20|86|8.03
lectus pede et risus. Quisque|11|13|76|6.43
Suspendisse|12|15|58|8.91
mi. Duis|19|17|88|3.79
dolor|10|5|49|5.41
senectus et netus|14|9|32|1.21
porta|19|43|87|6.55
mattis ornare, lectus ante dictum|16|10|61|9.04
dolor sit amet,|14|33|70|8.55
tellus eu augue|7|46|85|7.19
Proin eget|9|40|66|3.85
Donec tincidunt.|17|22|72|1.63
magnis dis parturient montes,|20|1|67|0.85
consectetuer mauris id sapien.|18|24|73|8.18
adipiscing elit.|20|31|35|7.37
egestas rhoncus. Proin nisl sem,|12|3|36|9.69
Nunc ac sem|8|54|38|1.26
velit egestas lacinia. Sed|11|28|67|7.87
et, magna. Praesent interdum|15|56|55|0.84
libero mauris, aliquam|11|30|66|6.92
lorem|11|41|54|9.67
malesuada ut,|6|21|53|0.46
Proin nisl sem, consequat nec,|7|34|54|3.45
felis ullamcorper|13|18|76|7.95
nibh lacinia orci, consectetuer euismod|17|8|70|4.04
sem semper erat, in|11|52|58|8.16
lorem, vehicula et,|15|6|69|5.81
quam quis|18|1|58|1.87
egestas.|10|13|70|5.71
luctus et ultrices posuere cubilia|8|55|83|7.78
eleifend vitae, erat. Vivamus|9|19|31|7.82
mauris sapien, cursus|15|5|75|6.87
Morbi|11|37|60|1.51
Suspendisse sagittis. Nullam vitae diam.|8|33|67|6.44
elit pede, malesuada vel,|6|53|38|5.97
risus varius|7|34|54|6.48
id, erat. Etiam vestibulum massa|20|22|85|9.89
pharetra. Nam|15|17|89|9.56
Quisque tincidunt pede ac urna.|17|46|50|6.29
arcu.|9|55|98|2.77
dolor vitae dolor.|18|56|58|1.31
at, velit.|9|20|53|8.75
eu,|20|58|93|5.99
vitae erat vel|20|32|54|0.21
aliquet vel, vulputate|10|5|97|6.87
nulla. Cras eu tellus|7|29|67|1.05
turpis egestas. Aliquam fringilla|18|50|99|1.93
enim. Etiam imperdiet dictum magna.|13|34|86|6.11
Aliquam erat volutpat. Nulla|17|36|60|8.26
odio sagittis semper. Nam|18|9|46|5.52
eget tincidunt|12|20|40|1.47
blandit.|18|1|32|0.72
Nullam feugiat placerat velit. Quisque|17|16|66|0.26
eu|19|56|78|6.35
vestibulum, neque|7|45|100|3.57
libero|16|45|59|5.17
nulla. Integer urna. Vivamus|19|5|87|6.34
Proin sed turpis nec mauris|18|28|50|5.91
convallis in, cursus et, eros.|6|10|30|8.12
amet risus. Donec|6|27|57|1.40
arcu.|18|36|51|3.87
at, iaculis|16|59|39|8.91
Donec|15|33|35|0.29
augue, eu tempor erat neque|16|1|45|5.97
tristique pharetra. Quisque ac|13|44|46|0.58
amet orci.|11|38|87|3.12
et magnis dis|17|27|87|7.66
Aliquam fringilla cursus purus.|18|19|95|2.68
ultrices iaculis odio.|20|59|92|4.00
mattis.|6|48|45|0.59
Phasellus elit|10|31|73|2.44
diam at pretium aliquet,|15|36|55|3.66
Nullam suscipit, est ac facilisis|8|33|59|9.73
sit|9|20|79|7.58
est, mollis non, cursus|14|5|54|6.18
dictum. Phasellus in|8|21|33|0.32
egestas. Aliquam fringilla cursus|12|21|30|7.47
tristique pharetra. Quisque ac|18|41|65|5.42
magna. Sed|7|47|85|4.64
lacinia vitae, sodales at,|7|28|96|5.82
semper erat,|16|34|40|2.93
vulputate dui, nec|13|29|95|6.22
elit. Etiam laoreet, libero et|11|50|66|9.52
Suspendisse sagittis. Nullam vitae diam.|16|57|97|2.56
condimentum.|12|57|96|8.03
ornare sagittis felis.|19|4|61|0.29
Suspendisse eleifend. Cras sed|6|24|35|8.09
nulla. In|20|16|98|8.59
aliquam, enim nec tempus|7|7|91|1.07
Nulla facilisi. Sed neque. Sed|15|59|82|8.71
adipiscing ligula.|10|48|91|7.37
Proin eget odio.|7|27|85|6.20
urna. Nunc|6|29|99|3.60
lectus justo eu|6|58|91|3.00
fermentum convallis ligula. Donec luctus|16|38|83|3.16
nulla|7|19|76|1.24
ante dictum|8|43|33|3.61
mauris ut mi. Duis risus|11|58|98|9.79
interdum. Curabitur dictum. Phasellus|7|12|51|4.62
eros. Nam|20|56|90|3.42
elit,|7|47|70|9.48
molestie tellus. Aenean egestas hendrerit|19|19|86|1.61
pede ac urna. Ut|12|23|79|7.88
dictum cursus. Nunc mauris elit,|18|12|95|1.37
arcu eu odio tristique|12|24|59|4.80
sit|13|9|65|6.23
sed dictum|7|38|92|7.05
mattis velit justo nec|20|14|84|0.84
vel, mauris.|7|5|38|0.90
lacus.|8|33|70|5.47
et libero. Proin mi.|12|1|73|3.64
Etiam ligula|14|7|30|3.80
Nulla facilisi.|19|38|85|9.95
malesuada malesuada. Integer|10|59|93|7.09
molestie sodales.|6|2|78|0.88
In scelerisque|19|28|69|5.09
euismod enim. Etiam gravida molestie|17|4|58|7.84
turpis. Aliquam adipiscing|18|50|90|0.51
Morbi non|10|33|61|9.61
tellus justo sit amet nulla.|16|47|83|2.78
at pretium aliquet, metus|12|54|39|9.26
faucibus leo, in lobortis tellus|10|38|41|2.76
primis in faucibus|11|42|90|2.81
mollis non, cursus|18|47|69|1.77
Donec feugiat metus sit amet|20|10|80|0.13
sapien.|19|55|89|4.05
diam|9|9|76|6.76
ridiculus mus. Proin|18|43|86|0.85
Nulla tincidunt, neque vitae semper|7|58|100|4.88
arcu. Curabitur ut odio|15|9|35|4.99
turpis.|17|57|66|9.03
ultrices iaculis|14|42|46|0.38
natoque penatibus|16|23|49|6.34
sit amet, consectetuer adipiscing elit.|11|8|52|4.58
natoque penatibus et magnis dis|8|28|35|4.06
turpis|14|23|58|7.57
Fusce|8|22|40|2.79
dictum mi, ac|10|32|75|9.76
a feugiat tellus lorem|14|57|95|7.05
ultrices sit|10|45|41|8.05
vitae, sodales|7|56|54|5.76
aliquam|7|26|68|9.76
sit amet|8|15|95|6.73
quis diam luctus|18|41|51|0.86
Mauris ut|18|28|68|5.16
Duis ac arcu. Nunc|6|29|91|8.13
velit.|10|22|83|1.52
est ac mattis semper, dui|7|47|88|5.90
interdum|20|45|50|9.31
sit amet diam eu|18|46|82|8.48
nec ligula consectetuer|11|34|55|8.77
a sollicitudin orci sem|6|8|38|5.00
turpis. Nulla aliquet. Proin|9|12|55|2.91
In faucibus. Morbi vehicula.|12|44|59|7.33
Nulla|18|27|40|8.80
enim, sit amet|15|20|95|5.11
tincidunt tempus|14|33|55|1.16
at sem molestie|17|39|38|3.52
parturient montes, nascetur ridiculus mus.|6|30|52|2.64
molestie orci|14|19|66|5.14
vitae nibh. Donec|18|44|93|5.50
mauris,|15|21|67|4.87
nunc ac|9|0|97|4.63
pharetra. Nam ac nulla. In|14|57|59|2.83
facilisi. Sed neque.|20|42|36|6.93
In tincidunt|17|47|48|4.16
Etiam|18|42|70|2.47
at pretium aliquet, metus|20|47|49|3.09
Sed|12|14|60|7.55
aliquam iaculis, lacus pede sagittis|8|27|67|4.22
interdum libero dui nec|16|53|56|2.91
eu elit.|19|22|45|6.32
non, lobortis|20|56|62|6.64